{"cameraMode":{"drawMode":0,"name":"Shaded","section":"Shading Mode"},"sceneLighting":false,"audioPlay":false,"sceneViewState":{"m_AlwaysRefresh":false,"showFog":true,"showSkybox":false,"showFlares":true,"showImageEffects":true,"showParticleSystems":true,"showVisualEffectGraphs":true,"m_FxEnabled":true},"in2DMode":false,"pivot":{"x":1.3422094583511353,"y":2.327723741531372,"z":0.6010332703590393},"rotation":{"x":-0.017915263772010804,"y":-0.8049904704093933,"z":0.024819588288664819,"w":-0.5925532579421997},"size":0.4581452012062073,"orthographic":false}