{"cameraMode":{"drawMode":0,"name":"Shaded","section":"Shading Mode"},"sceneLighting":false,"audioPlay":false,"sceneViewState":{"m_AlwaysRefresh":false,"showFog":true,"showSkybox":false,"showFlares":true,"showImageEffects":true,"showParticleSystems":true,"showVisualEffectGraphs":true,"m_FxEnabled":true},"in2DMode":false,"pivot":{"x":0.035459041595458987,"y":2.8789639472961427,"z":-0.7100000381469727},"rotation":{"x":-0.009096871130168438,"y":-0.6743074059486389,"z":0.008292971178889275,"w":-0.7383589148521423},"size":1.6910959482192994,"orthographic":false}