{"cameraMode":{"drawMode":0,"name":"Shaded","section":"Shading Mode"},"sceneLighting":true,"audioPlay":false,"sceneViewState":{"m_AlwaysRefresh":false,"showFog":true,"showSkybox":true,"showFlares":true,"showImageEffects":true,"showParticleSystems":true,"showVisualEffectGraphs":true,"m_FxEnabled":true},"in2DMode":false,"pivot":{"x":0.9182536602020264,"y":1.6202993392944337,"z":-1.8570817708969117},"rotation":{"x":-0.11708179861307144,"y":0.6429950594902039,"z":-0.10033812373876572,"w":-0.7502025961875916},"size":0.0022472089622169735,"orthographic":false}