{"cameraMode":{"drawMode":0,"name":"Shaded","section":"Shading Mode"},"sceneLighting":true,"audioPlay":false,"sceneViewState":{"m_AlwaysRefresh":false,"showFog":true,"showSkybox":true,"showFlares":true,"showImageEffects":true,"showParticleSystems":true,"showVisualEffectGraphs":true,"m_FxEnabled":true},"in2DMode":false,"pivot":{"x":1.7709747552871705,"y":2.713949203491211,"z":-0.5885757207870483},"rotation":{"x":0.008838973939418793,"y":0.6965769529342651,"z":-0.00856724288314581,"w":0.717386782169342},"size":8.530508995056153,"orthographic":false}