{"cameraMode":{"drawMode":0,"name":"Shaded","section":"Shading Mode"},"sceneLighting":false,"audioPlay":false,"sceneViewState":{"m_AlwaysRefresh":false,"showFog":true,"showSkybox":false,"showFlares":true,"showImageEffects":true,"showParticleSystems":true,"showVisualEffectGraphs":true,"m_FxEnabled":true},"in2DMode":false,"pivot":{"x":0.035459041595458987,"y":2.8789639472961427,"z":-0.7100000381469727},"rotation":{"x":0.06036955863237381,"y":-0.7398298382759094,"z":0.06700287014245987,"w":0.666734516620636},"size":1.6910959482192994,"orthographic":false}